id,mobile,address,created_at,user_id
3,0132441139,"65114 Miller Vista Suite 359
Jamiestad, AZ 88561",2022-01-15 12:08:13.753592,3
4,0142441139,"7817 Patrick Circles Suite 453
South Patrick, IL 04671",2022-01-15 12:08:13.753592,4
5,0152441139,"78566 Henry Harbor Apt. 900
Cruzville, MN 93447",2022-01-15 12:08:13.753592,5
6,0162441139,"775 Shannon Ranch Apt. 052
Robinsonborough, ND 74644",2022-01-15 12:08:13.753592,6
7,0172441139,"092 Jonathan Corner Suite 909
West Matthewton, MN 23936",2022-01-15 12:08:13.753592,7
8,0182441139,"80241 Day Walk Suite 764
Lake Kristinstad, NJ 49086",2022-01-15 12:08:13.753592,8
9,0192441139,"670 Lindsey Corner Apt. 140
Brandonshire, IN 86863",2022-01-15 12:08:13.753592,9
10,01102441139,"7762 Jennifer Mission
Seanburgh, MA 74266",2022-01-15 12:08:13.753592,10
11,01112441139,"00106 Catherine Inlet
West Erinborough, CA 86634",2022-01-15 12:08:13.753592,11
12,01122441139,"770 Bernard Fields Suite 729
Port Danielle, TX 55330",2022-01-15 12:08:13.753592,12
13,01132441139,"50450 William Mill Suite 872
West Kyleville, MT 08348",2022-01-15 12:08:13.753592,13
14,01142441139,"225 Zachary Village Apt. 722
North Sydneyport, IL 12625",2022-01-15 12:08:13.753592,14
15,01152441139,"025 Lisa Roads Suite 245
Bryantton, RI 40042",2022-01-15 12:08:13.753592,15
16,01162441139,"35411 Galvan Islands Apt. 976
Lake Lauren, IN 58726",2022-01-15 12:08:13.753592,16
17,01172441139,"9761 Bush Circle
Hughesview, CA 24388",2022-01-15 12:08:13.753592,17
18,01182441139,"64648 Mary Stream Suite 367
Dawnfort, VT 98525",2022-01-15 12:08:13.753592,18
19,01192441139,"6228 Angela Motorway
Lake Stephanieview, NC 81748",2022-01-15 12:08:13.753592,19
20,01202441139,"362 Sharp Alley Apt. 779
West Joyceside, ME 66122",2022-01-15 12:08:13.753592,20
21,01212441139,"10776 Frances Spurs
Lake Erik, MN 53936",2022-01-15 12:08:13.753592,21
22,01222441139,"04828 Pierce Shoal Apt. 720
West Sherrifurt, SD 28629",2022-01-15 12:08:13.753592,22
23,01232441139,"737 Young Crescent Apt. 604
Rodriguezchester, NC 14721",2022-01-15 12:08:13.753592,23
24,01242441139,"563 Potts Gardens
Port Stevenside, MI 81464",2022-01-15 12:08:13.753592,24
25,01252441139,"684 Martinez Hill
West Joshuastad, NJ 30275",2022-01-15 12:08:13.753592,25
26,01262441139,"42889 Tyler Terrace Suite 853
Andrewberg, RI 38040",2022-01-15 12:08:13.753592,26
27,01272441139,"283 Jason Plaza Suite 665
Lake Christopherberg, AR 85758",2022-01-15 12:08:13.753592,27
28,01282441139,"676 Lisa Rapids
Powellton, VA 62588",2022-01-15 12:08:13.753592,28
29,01292441139,"944 Nichols Inlet Apt. 166
Lake Linda, IL 96811",2022-01-15 12:08:13.753592,29
30,01302441139,"02928 Cody Plains
Danieltown, VA 71527",2022-01-15 12:08:13.753592,30
31,01312441139,"USCGC Pugh
FPO AA 74183",2022-01-15 12:08:13.753592,31
32,01322441139,"23093 Williams Fall
Port Tylerside, VA 36839",2022-01-15 12:08:13.753592,32
33,01332441139,"3571 Shaw Burg Apt. 061
Michellechester, DC 08973",2022-01-15 12:08:13.753592,33
34,01342441139,"4616 Esparza Place
Spencermouth, CT 89140",2022-01-15 12:08:13.753592,34
35,01352441139,"61897 Neal Squares Suite 892
West Rebekahbury, WI 27098",2022-01-15 12:08:13.753592,35
36,01362441139,"798 Ward Locks
North Bradleyberg, OH 85528",2022-01-15 12:08:13.753592,36
37,01372441139,"28346 Christina Oval Suite 767
Chungberg, CT 27752",2022-01-15 12:08:13.753592,37
38,01382441139,"3133 Rebecca Lock
Matthewland, MD 93420",2022-01-15 12:08:13.753592,38
39,01392441139,"6005 Zachary Mountain
Lake Phillip, WI 53717",2022-01-15 12:08:13.753592,39
40,01402441139,"8329 Wright Trace
South Justin, OK 10271",2022-01-15 12:08:13.753592,40
41,01412441139,"4660 Jacob Causeway
Maysmouth, MD 65023",2022-01-15 12:08:13.753592,41
42,01422441139,"6111 Kevin Plain Apt. 712
New Matthewmouth, AZ 71159",2022-01-15 12:08:13.753592,42
43,01432441139,"9498 Alexander Gardens
Port Jennifershire, ID 92255",2022-01-15 12:08:13.753592,43
44,01442441139,"726 Zamora Port Apt. 166
West Davidtown, NY 61400",2022-01-15 12:08:13.753592,44
45,01452441139,"7257 Leon Meadow
Port Natalieshire, WI 74766",2022-01-15 12:08:13.753592,45
46,01462441139,"529 Scott Summit Apt. 564
East Dennisside, OK 38266",2022-01-15 12:08:13.753592,46
47,01472441139,"681 Caldwell Court
Charleston, OR 95977",2022-01-15 12:08:13.753592,47
48,01482441139,"44172 Tyler Crescent Apt. 605
Thompsonville, TN 68924",2022-01-15 12:08:13.753592,48
49,01492441139,"951 Farrell Road
Port Sonya, ND 69036",2022-01-15 12:08:13.753592,49
50,01502441139,"0508 Johnson Pine
Doughertyside, SC 51620",2022-01-15 12:08:13.753592,50
51,01512441139,"71806 Mason Summit
Porterside, IL 44498",2022-01-15 12:08:13.753592,51
52,01522441139,"125 Angela Stream Apt. 586
East Charlesmouth, MI 99126",2022-01-15 12:08:13.753592,52
53,01532441139,"55242 Williams Ports
New Audreyland, CO 87277",2022-01-15 12:08:13.753592,53
54,01542441139,"50917 Brown Mountain Apt. 991
Douglasport, ND 39631",2022-01-15 12:08:13.753592,54
55,01552441139,"3301 Lori Wells Suite 785
Catherinemouth, CO 44395",2022-01-15 12:08:13.753592,55
56,01562441139,"18301 Alejandra Plaza
South Erin, CA 31287",2022-01-15 12:08:13.753592,56
57,01572441139,"72719 Randall Causeway
West Lauren, TN 98727",2022-01-15 12:08:13.753592,57
58,01582441139,"063 Mcmahon Village Apt. 649
West Alexfort, LA 33058",2022-01-15 12:08:13.753592,58
59,01592441139,"927 Mary Turnpike
West Joeburgh, SD 39755",2022-01-15 12:08:13.753592,59
60,01602441139,"725 Brooks Plain
Tylerhaven, AR 80864",2022-01-15 12:08:13.753592,60
61,01612441139,"4668 Scott Roads
Davisbury, GA 39641",2022-01-15 12:08:13.753592,61
62,01622441139,"USNS Jenkins
FPO AE 64448",2022-01-15 12:08:13.753592,62
63,01632441139,"4361 Theresa Oval Suite 715
Edwardsburgh, WI 24900",2022-01-15 12:08:13.753592,63
64,01642441139,"3240 Grant Island Suite 807
North Samanthamouth, CA 65004",2022-01-15 12:08:13.753592,64
65,01652441139,"878 Theresa Roads Suite 995
New Kayla, DE 67061",2022-01-15 12:08:13.753592,65
66,01662441139,"66015 Harrington Mount Suite 423
Port Natalie, AK 63126",2022-01-15 12:08:13.753592,66
67,01672441139,"Unit 4669 Box 4777
DPO AE 53142",2022-01-15 12:08:13.753592,67
68,01682441139,"5549 Elizabeth Falls
South Christopher, AK 52797",2022-01-15 12:08:13.753592,68
69,01692441139,"6663 Paul Roads
Garciabury, AK 14296",2022-01-15 12:08:13.753592,69
70,01702441139,"50990 Clark Crossing Suite 562
Bakerport, SC 04884",2022-01-15 12:08:13.753592,70
71,01712441139,"04305 Gates Manor Suite 296
Sharonberg, ID 81336",2022-01-15 12:08:13.753592,71
72,01722441139,"6703 Powell Shoals Suite 513
Samuelport, WI 35682",2022-01-15 12:08:13.753592,72
73,01732441139,"217 Boyle Street
Josephstad, KS 99259",2022-01-15 12:08:13.753592,73
74,01742441139,"USNS Clark
FPO AE 07541",2022-01-15 12:08:13.753592,74
75,01752441139,"68864 Laura Summit
Mcneiltown, NM 17363",2022-01-15 12:08:13.753592,75
76,01762441139,"66274 Palmer Turnpike
East Bryceville, HI 26669",2022-01-15 12:08:13.753592,76
77,01772441139,"Unit 5970 Box 3377
DPO AA 20945",2022-01-15 12:08:13.753592,77
78,01782441139,"7967 Carter Parkway
West Rachel, AR 72573",2022-01-15 12:08:13.753592,78
79,01792441139,"28662 Philip Loop
North Elizabethhaven, ME 19627",2022-01-15 12:08:13.753592,79
80,01802441139,"97568 Green Extension
Nicolefort, WA 49759",2022-01-15 12:08:13.753592,80
81,01812441139,"679 Adam Run
Lake Zacharyview, HI 05833",2022-01-15 12:08:13.753592,81
82,01822441139,"054 John Crossing Apt. 110
Clineburgh, IL 70910",2022-01-15 12:08:13.753592,82
83,01832441139,"Unit 4345 Box 7245
DPO AE 23479",2022-01-15 12:08:13.753592,83
84,01842441139,"00025 Briggs Skyway
Patriciaberg, TN 18918",2022-01-15 12:08:13.753592,84
85,01852441139,"Unit 1705 Box 1318
DPO AA 72813",2022-01-15 12:08:13.753592,85
86,01862441139,"9904 Gould Villages Apt. 119
West Richardfort, GA 39692",2022-01-15 12:08:13.753592,86
87,01872441139,"31762 Christopher Road
East Tamaraborough, FL 42928",2022-01-15 12:08:13.753592,87
88,01882441139,"216 Lindsay Streets Apt. 774
North Karenstad, KS 04516",2022-01-15 12:08:13.753592,88
89,01892441139,"86578 Gutierrez Crescent
Michelleview, MN 75040",2022-01-15 12:08:13.753592,89
90,01902441139,"8596 Ashley Glen Suite 234
Port Cameron, SC 56537",2022-01-15 12:08:13.753592,90
91,01912441139,"3554 Moore Run
South Jennifer, DE 58374",2022-01-15 12:08:13.753592,91
92,01922441139,"53436 Morgan Squares
Lake Kendramouth, GA 46365",2022-01-15 12:08:13.753592,92
93,01932441139,"Unit 0254 Box 5602
DPO AE 15432",2022-01-15 12:08:13.753592,93
94,01942441139,"8817 Felicia Summit Apt. 806
Port Linda, MA 15111",2022-01-15 12:08:13.753592,94
95,01952441139,"4720 Osborne Fork
East Elijah, ID 31225",2022-01-15 12:08:13.753592,95
96,01962441139,"5751 April Run
Baldwinville, AR 57595",2022-01-15 12:08:13.753592,96
97,01972441139,"393 Jesse Junction Apt. 306
Gutierrezstad, AZ 62557",2022-01-15 12:08:13.753592,97
98,01982441139,"8326 Deborah Burgs
Andrewport, IA 90354",2022-01-15 12:08:13.753592,98
99,01992441139,"706 Anderson Springs Apt. 702
Rodriguezchester, UT 01950",2022-01-15 12:08:13.753592,99
100,011002441139,"29733 Drake Manors Suite 892
South Jamieside, NY 01198",2022-01-15 12:08:13.753592,100
